{
    "SceneSetting" : [ 7 ],
    "Entity" : {
        "Group" : {
            "11" : [ 
                [ 1, 2, 3 ],
                [ 10 ],
                [ 7 ],
                [ 8, 9 ]
            ]
        },
        "GameObject" : {
            "1" : [ "camera", 11, 4, [ 4, 7 ] ],
            "2" : [ "square", 11, 5, [ 5, 8 ] ],
            "3" : [ "girl", 11, 6, [ 6, 9, 10 ]]
        },
        "Transform" : {
            "4" : [ true, 1, [ 0.0, 0.0, 5.0 ], [ 0.0, 0.0, 0.0, 1.0 ], [ 1.0, 1.0, 1.0 ], [ 0.0, 0.0, 0.0 ], 0, [], false, 
            [ [1.0, 0.0, 0.0, 0.0], [0.0, 1.0, 0.0, 0.0], [0.0, 0.0, 1.0, 0.0], [0.0, 0.0, 5.0, 1.0] ] ],
            "5" : [ true, 2, [ -2.0, 0.0, 0.0 ], [ 0.0, 0.0, 0.0, 1.0 ], [ 1.0, 1.0, 1.0 ], [ 0.0, 0.0, 0.0 ], 0, [], false, 
            [ [1.0, 0.0, 0.0, 0.0], [0.0, 1.0, 0.0, 0.0], [0.0, 0.0, 1.0, 0.0], [-2.0, 0.0, 0.0, 1.0] ] ],
            "6" : [ true, 3, [ 2.0, -2.0, 0.0], [ 0.5, -0.5, -0.5, -0.5 ], [ 0.002, 0.002, 0.002 ], [ 90.0, 90.0, -180.0 ], 0, [], false, 
            [ [0.0, 0.0, 0.002, 0.0], [0.002, 0.0, 0.0, 0.0], [0.0, 0.002, 0.0, 0.0], [2.0, -2.0, 0.0, 1.0] ] ]
        },
        "Camera" : {
            "7" : [ true, 1, [[0.974279, 0.0, 0.0, 0.0], [0.0, 1.73205, 0.0, 0.0], [0.0, 0.0, -1.0002, -1.0], [0.0, 0.0, -0.20002, 0.0]], false, 60.0, 1.777778, 0.1, 1000.0, 0.0, 0 ]
        },
        "Renderer" : {
            "8" : [ true, 2, 1, 8 ],
            "9" : [ true, 3, 2, 8 ]
        },
        "RotateScript" : {
            "10" : [ true, 3, 90.0 ]
        }
    }
}